sourceRow,field,original,corrected,reason
2,Clawback,"100 % IN 6 months and 50% in 12 months

Any other recovery/subvention/ adjustments done by the bank will be also be adjusted/recovered from the channel payout","100 % IN 6 months and 50% in 12 months

Any other recovery/subvention/ adjustments done by the bank will also be adjusted/recovered from the channel payout",Grammar
3,Clawback,"100 % IN 6 months and 50% in 12 months

Any other recovery/subvention/ adjustments done by the bank will be also be adjusted/recovered from the channel payout","100 % IN 6 months and 50% in 12 months

Any other recovery/subvention/ adjustments done by the bank will also be adjusted/recovered from the channel payout",Grammar
4,Clawback,Any other recovery/subvention/ adjustments done by the bank will be also be adjusted/recovered from the channel payout,Any other recovery/subvention/ adjustments done by the bank will also be adjusted/recovered from the channel payout,Grammar
5,Clawback,"12 months 100 %

Any other recovery/subvention/ adjustments done by the bank will be also be adjusted/recovered from the channel payout","12 months 100 %

Any other recovery/subvention/ adjustments done by the bank will also be adjusted/recovered from the channel payout",Grammar
6,Clawback,"12 months 100 %

Any other recovery/subvention/ adjustments done by the bank will be also be adjusted/recovered from the channel payout","12 months 100 %

Any other recovery/subvention/ adjustments done by the bank will also be adjusted/recovered from the channel payout",Grammar
7,Clawback,"12 months 100 %

Any other recovery/subvention/ adjustments done by the bank will be also be adjusted/recovered from the channel payout","12 months 100 %

Any other recovery/subvention/ adjustments done by the bank will also be adjusted/recovered from the channel payout",Grammar
8,Clawback,"12 months 100 %

Any other recovery/subvention/ adjustments done by the bank will be also be adjusted/recovered from the channel payout","12 months 100 %

Any other recovery/subvention/ adjustments done by the bank will also be adjusted/recovered from the channel payout",Grammar
9,Payout Conditions / Additional Conditions,"ADDITIONAL TERMS AND CONDITIONS:

a) Maximum payout for a single case will be capped at Rs. 7 lacs for Homeloan case disbursed & 10 lacs for LAP case disbursed.

b) The payout for Overdraft & Reverse Mortgage Loans will be linked to reimbursement of 100% of PF collected OR 1% of disbursement/ sanction whichever is lower.

c) Payout slabs will be applicable on ASC / RAC / location wise business and not on overall business volumes for the month of Home Loans.

d) Any changes to above Payout slabs will be at a sole discretion of Axis Bank Ltd. and the same will only be intimated to the Service Provider from time to time.","ADDITIONAL TERMS AND CONDITIONS:

a) Maximum payout for a single case will be capped at Rs. 7 lacs for Home Loan case disbursed & 10 lacs for LAP case disbursed.

b) The payout for Overdraft & Reverse Mortgage Loans will be linked to reimbursement of 100% of PF collected OR 1% of disbursement/ sanction whichever is lower.

c) Payout slabs will be applicable on ASC / RAC / location wise business and not on overall business volumes for the month of Home Loans.

d) Any changes to above Payout slabs will be at a sole discretion of Axis Bank Ltd. and the same will only be intimated to the Service Provider from time to time.",Spelling/word break
9,Clawback,Any other recovery/subvention/ adjustments done by the bank will be also be adjusted/recovered from the channel payout,Any other recovery/subvention/ adjustments done by the bank will also be adjusted/recovered from the channel payout,Grammar
10,Payout Conditions / Additional Conditions,"ADDITIONAL TERMS AND CONDITIONS:

a) Maximum payout for a single case will be capped at Rs. 7 lacs for Homeloan case disbursed & 10 lacs for LAP case disbursed.

b) The payout for Overdraft & Reverse Mortgage Loans will be linked to reimbursement of 100% of PF collected OR 1% of disbursement/ sanction whichever is lower.

c) Payout slabs will be applicable on ASC / RAC / location wise business and not on overall business volumes for the month of Home Loans.

d) Any changes to above Payout slabs will be at a sole discretion of Axis Bank Ltd. and the same will only be intimated to the Service Provider from time to time.","ADDITIONAL TERMS AND CONDITIONS:

a) Maximum payout for a single case will be capped at Rs. 7 lacs for Home Loan case disbursed & 10 lacs for LAP case disbursed.

b) The payout for Overdraft & Reverse Mortgage Loans will be linked to reimbursement of 100% of PF collected OR 1% of disbursement/ sanction whichever is lower.

c) Payout slabs will be applicable on ASC / RAC / location wise business and not on overall business volumes for the month of Home Loans.

d) Any changes to above Payout slabs will be at a sole discretion of Axis Bank Ltd. and the same will only be intimated to the Service Provider from time to time.",Spelling/word break
10,Clawback,Any other recovery/subvention/ adjustments done by the bank will be also be adjusted/recovered from the channel payout,Any other recovery/subvention/ adjustments done by the bank will also be adjusted/recovered from the channel payout,Grammar
11,Payout Conditions / Additional Conditions,"ADDITIONAL TERMS AND CONDITIONS:

a) Maximum payout for a single case will be capped at Rs. 7 lacs for Homeloan case disbursed & 10 lacs for LAP case disbursed.

b) The payout for Overdraft & Reverse Mortgage Loans will be linked to reimbursement of 100% of PF collected OR 1% of disbursement/ sanction whichever is lower.

c) Payout slabs will be applicable on ASC / RAC / location wise business and not on overall business volumes for the month of Home Loans.

d) Any changes to above Payout slabs will be at a sole discretion of Axis Bank Ltd. and the same will only be intimated to the Service Provider from time to time.","ADDITIONAL TERMS AND CONDITIONS:

a) Maximum payout for a single case will be capped at Rs. 7 lacs for Home Loan case disbursed & 10 lacs for LAP case disbursed.

b) The payout for Overdraft & Reverse Mortgage Loans will be linked to reimbursement of 100% of PF collected OR 1% of disbursement/ sanction whichever is lower.

c) Payout slabs will be applicable on ASC / RAC / location wise business and not on overall business volumes for the month of Home Loans.

d) Any changes to above Payout slabs will be at a sole discretion of Axis Bank Ltd. and the same will only be intimated to the Service Provider from time to time.",Spelling/word break
11,Clawback,Any other recovery/subvention/ adjustments done by the bank will be also be adjusted/recovered from the channel payout,Any other recovery/subvention/ adjustments done by the bank will also be adjusted/recovered from the channel payout,Grammar
12,Payout Conditions / Additional Conditions,"HL 
City Wise Payout Slab will be calculated based on overall business of the Retail DSA's
Single case maximum 7 lakhs payout capping applicale.
Flat 0.50% Payout for HL Subvention cases","HL
City Wise Payout Slab will be calculated based on overall business of the Retail DSA's
Single case maximum 7 lakhs payout capping applicable.
Flat 0.50% Payout for HL Subvention cases",Spelling
12,Clawback,"Not Mentioned, TO be takes as 12 months as per RBI

Any other recovery/subvention/ adjustments done by the bank will be also be adjusted/recovered from the channel payout","Not mentioned; to be taken as 12 months as per RBI

Any other recovery/subvention/ adjustments done by the bank will also be adjusted/recovered from the channel payout","Grammar, Sentence cleanup"
13,Payout Conditions / Additional Conditions,"HL 
City Wise Payout Slab will be calculated based on overall business of the Retail DSA's
Single case maximum 7 lakhs payout capping applicale.
Flat 0.50% Payout for HL Subvention cases","HL
City Wise Payout Slab will be calculated based on overall business of the Retail DSA's
Single case maximum 7 lakhs payout capping applicable.
Flat 0.50% Payout for HL Subvention cases",Spelling
13,Clawback,"Not Mentioned, TO be takes as 12 months as per RBI

Any other recovery/subvention/ adjustments done by the bank will be also be adjusted/recovered from the channel payout","Not mentioned; to be taken as 12 months as per RBI

Any other recovery/subvention/ adjustments done by the bank will also be adjusted/recovered from the channel payout","Grammar, Sentence cleanup"
14,Payout Conditions / Additional Conditions,"LAP
State Wise Payout Slab will be calculated based on overall business of the Retail DSA's
The payout for ODLAP linked to reimbursement of 100% of PF collected OR 1% of Sanctioned whichever is lower.
Single case maximum 10 lakhs payout capping applicale.
Subvention from the payout on the differential PF amount collected against the mandate of PF of 0.50% for LAP.","LAP
State Wise Payout Slab will be calculated based on overall business of the Retail DSA's
The payout for ODLAP linked to reimbursement of 100% of PF collected OR 1% of Sanctioned whichever is lower.
Single case maximum 10 lakhs payout capping applicable.
Subvention from the payout on the differential PF amount collected against the mandate of PF of 0.50% for LAP.",Spelling
14,Clawback,"Not Mentioned, TO be takes as 12 months as per RBI

Any other recovery/subvention/ adjustments done by the bank will be also be adjusted/recovered from the channel payout","Not mentioned; to be taken as 12 months as per RBI

Any other recovery/subvention/ adjustments done by the bank will also be adjusted/recovered from the channel payout","Grammar, Sentence cleanup"
15,Payout Conditions / Additional Conditions,"LAP
State Wise Payout Slab will be calculated based on overall business of the Retail DSA's
The payout for ODLAP linked to reimbursement of 100% of PF collected OR 1% of Sanctioned whichever is lower.
Single case maximum 10 lakhs payout capping applicale.
Subvention from the payout on the differential PF amount collected against the mandate of PF of 0.50% for LAP.","LAP
State Wise Payout Slab will be calculated based on overall business of the Retail DSA's
The payout for ODLAP linked to reimbursement of 100% of PF collected OR 1% of Sanctioned whichever is lower.
Single case maximum 10 lakhs payout capping applicable.
Subvention from the payout on the differential PF amount collected against the mandate of PF of 0.50% for LAP.",Spelling
15,Max Bank Slab,"Processing Fee = Payout
 
or 1% of sacntion which is lower","Processing Fee = Payout

or 1% of sanction which is lower",Spelling
15,Clawback,"Not Mentioned, TO be takes as 12 months as per RBI

Any other recovery/subvention/ adjustments done by the bank will be also be adjusted/recovered from the channel payout","Not mentioned; to be taken as 12 months as per RBI

Any other recovery/subvention/ adjustments done by the bank will also be adjusted/recovered from the channel payout","Grammar, Sentence cleanup"
16,Clawback,"Not Mentioned, TO be takes as 12 months as per RBI

Any other recovery/subvention/ adjustments done by the bank will be also be adjusted/recovered from the channel payout","Not mentioned; to be taken as 12 months as per RBI

Any other recovery/subvention/ adjustments done by the bank will also be adjusted/recovered from the channel payout","Grammar, Sentence cleanup"
17,Payout Conditions / Additional Conditions,"For Special Property – 100% of Processing fees
Multiplex, Hostel, Plot – Industrial, Hospital, Industrial units, Mall – Office, Ho
Restaurants, Warehouse, Community Halls, Show Room, Nursing Home, Banqu
School, College & Educational Institute.
Computation of the payout will be done bases tranche disbursement and proportion

Max. payout for any single case is restricted to INR 7.50 lacs.
DSA payout cycle will be 1st to 31st (last day) of every month.


Micro LAP
75% of the PF collected
DSA payout cycle will be 1st to 31st (last day) of every month","For Special Property – 100% of Processing fees
Multiplex, Hostel, Plot – Industrial, Hospital, Industrial units, Mall – Office, Ho
Restaurants, Warehouse, Community Halls, Show Room, Nursing Home, Banqu
School, College & Educational Institute.
Computation of the payout will be done based on tranche disbursement and proportion

Max. payout for any single case is restricted to INR 7.50 lacs.
DSA payout cycle will be 1st to 31st (last day) of every month.


Micro LAP
75% of the PF collected
DSA payout cycle will be 1st to 31st (last day) of every month",Grammar
17,Clawback,"Loan is part-payment/foreclosed/cancelled within 1 year of disbursal, the same will be adjusted/collected
from partner in subsequent month.

Any other recovery/subvention/ adjustments done by the bank will be also be adjusted/recovered from the channel payout","Loan is part-payment/foreclosed/cancelled within 1 year of disbursal, the same will be adjusted/collected
from partner in subsequent month.

Any other recovery/subvention/ adjustments done by the bank will also be adjusted/recovered from the channel payout",Grammar
18,Max Bank Slab,Payout = Payout Collected,Payout = PF Collected,Obvious payout wording typo
18,Clawback,"Loan is part-payment/foreclosed/cancelled within 1 year of disbursal, the same will be adjusted/collected
from partner in subsequent month.

Any other recovery/subvention/ adjustments done by the bank will be also be adjusted/recovered from the channel payout","Loan is part-payment/foreclosed/cancelled within 1 year of disbursal, the same will be adjusted/collected
from partner in subsequent month.

Any other recovery/subvention/ adjustments done by the bank will also be adjusted/recovered from the channel payout",Grammar
19,Clawback,"Loan is part-payment/foreclosed/cancelled within 1 year of disbursal, the same will be adjusted/collected
from partner in subsequent month.

Any other recovery/subvention/ adjustments done by the bank will be also be adjusted/recovered from the channel payout","Loan is part-payment/foreclosed/cancelled within 1 year of disbursal, the same will be adjusted/collected
from partner in subsequent month.

Any other recovery/subvention/ adjustments done by the bank will also be adjusted/recovered from the channel payout",Grammar
20,Clawback,"Loan is part-payment/foreclosed/cancelled within 1 year of disbursal, the same will be adjusted/collected
from partner in subsequent month.

Any other recovery/subvention/ adjustments done by the bank will be also be adjusted/recovered from the channel payout","Loan is part-payment/foreclosed/cancelled within 1 year of disbursal, the same will be adjusted/collected
from partner in subsequent month.

Any other recovery/subvention/ adjustments done by the bank will also be adjusted/recovered from the channel payout",Grammar
21,Clawback,"Loan is part-payment/foreclosed/cancelled within 1 year of disbursal, the same will be adjusted/collected
from partner in subsequent month.

Any other recovery/subvention/ adjustments done by the bank will be also be adjusted/recovered from the channel payout","Loan is part-payment/foreclosed/cancelled within 1 year of disbursal, the same will be adjusted/collected
from partner in subsequent month.

Any other recovery/subvention/ adjustments done by the bank will also be adjusted/recovered from the channel payout",Grammar
22,Payout Conditions / Additional Conditions,Computation of the payout will be done bases tranche disbursement and proportion,Computation of the payout will be done based on tranche disbursement and proportion,Grammar
22,Clawback,Any other recovery/subvention/ adjustments done by the bank will be also be adjusted/recovered from the channel payout,Any other recovery/subvention/ adjustments done by the bank will also be adjusted/recovered from the channel payout,Grammar
23,Clawback,Any other recovery/subvention/ adjustments done by the bank will be also be adjusted/recovered from the channel payout,Any other recovery/subvention/ adjustments done by the bank will also be adjusted/recovered from the channel payout,Grammar
24,Clawback,Any other recovery/subvention/ adjustments done by the bank will be also be adjusted/recovered from the channel payout,Any other recovery/subvention/ adjustments done by the bank will also be adjusted/recovered from the channel payout,Grammar
25,Clawback,Any other recovery/subvention/ adjustments done by the bank will be also be adjusted/recovered from the channel payout,Any other recovery/subvention/ adjustments done by the bank will also be adjusted/recovered from the channel payout,Grammar
26,Clawback,Any other recovery/subvention/ adjustments done by the bank will be also be adjusted/recovered from the channel payout,Any other recovery/subvention/ adjustments done by the bank will also be adjusted/recovered from the channel payout,Grammar
27,Clawback,Any other recovery/subvention/ adjustments done by the bank will be also be adjusted/recovered from the channel payout,Any other recovery/subvention/ adjustments done by the bank will also be adjusted/recovered from the channel payout,Grammar
28,Clawback,Any other recovery/subvention/ adjustments done by the bank will be also be adjusted/recovered from the channel payout,Any other recovery/subvention/ adjustments done by the bank will also be adjusted/recovered from the channel payout,Grammar
29,Clawback,Any other recovery/subvention/ adjustments done by the bank will be also be adjusted/recovered from the channel payout,Any other recovery/subvention/ adjustments done by the bank will also be adjusted/recovered from the channel payout,Grammar
30,Clawback,Any other recovery/subvention/ adjustments done by the bank will be also be adjusted/recovered from the channel payout,Any other recovery/subvention/ adjustments done by the bank will also be adjusted/recovered from the channel payout,Grammar
31,Clawback,Any other recovery/subvention/ adjustments done by the bank will be also be adjusted/recovered from the channel payout,Any other recovery/subvention/ adjustments done by the bank will also be adjusted/recovered from the channel payout,Grammar
32,Clawback,Any other recovery/subvention/ adjustments done by the bank will be also be adjusted/recovered from the channel payout,Any other recovery/subvention/ adjustments done by the bank will also be adjusted/recovered from the channel payout,Grammar
33,Clawback,Any other recovery/subvention/ adjustments done by the bank will be also be adjusted/recovered from the channel payout,Any other recovery/subvention/ adjustments done by the bank will also be adjusted/recovered from the channel payout,Grammar
34,Clawback,"12 month 50 %, 100 % in 6 months

Any other recovery/subvention/ adjustments done by the bank will be also be adjusted/recovered from the channel payout","12 month 50 %, 100 % in 6 months

Any other recovery/subvention/ adjustments done by the bank will also be adjusted/recovered from the channel payout",Grammar
35,Clawback,"12 month 50 %, 100 % in 6 months
Any other recovery/subvention/ adjustments done by the bank will be also be adjusted/recovered from the channel payout","12 month 50 %, 100 % in 6 months
Any other recovery/subvention/ adjustments done by the bank will also be adjusted/recovered from the channel payout",Grammar
36,Clawback,"12 month 50 %, 100 % in 6 months

Any other recovery/subvention/ adjustments done by the bank will be also be adjusted/recovered from the channel payout","12 month 50 %, 100 % in 6 months

Any other recovery/subvention/ adjustments done by the bank will also be adjusted/recovered from the channel payout",Grammar
37,Clawback,"12 month 50 %, 100 % in 6 months

Any other recovery/subvention/ adjustments done by the bank will be also be adjusted/recovered from the channel payout","12 month 50 %, 100 % in 6 months

Any other recovery/subvention/ adjustments done by the bank will also be adjusted/recovered from the channel payout",Grammar
38,Clawback,"12 month 50 %, 100 % in 6 months

Any other recovery/subvention/ adjustments done by the bank will be also be adjusted/recovered from the channel payout","12 month 50 %, 100 % in 6 months

Any other recovery/subvention/ adjustments done by the bank will also be adjusted/recovered from the channel payout",Grammar
39,Clawback,"12 month 50 %, 100 % in 6 months

Any other recovery/subvention/ adjustments done by the bank will be also be adjusted/recovered from the channel payout","12 month 50 %, 100 % in 6 months

Any other recovery/subvention/ adjustments done by the bank will also be adjusted/recovered from the channel payout",Grammar
40,Payout Conditions / Additional Conditions,"Additional Pay-out for Takeover: 0.10%
> Payout to be paid on total sanction amount after minimum disbursement of 20% Sanction limit.

> Maximum amount of payout not to exceeds Rs.10.00 Lakh per case canvassed proposal.

> Bank will have the right to partial claw back of incentive / payout given to the DSA in case takeover of home loan & Mortgage loan business within 24 Months from the first disbursement, as per details mentioned in below table.

Period from 1st Disbursement                        Recovery / Adjustment
> Up to 12 months from the firs / Full disbursement = 50% recovery of payout
> 12 months & up to 24 months = 25% recovery of payout","Additional Pay-out for Takeover: 0.10%
> Payout to be paid on total sanction amount after minimum disbursement of 20% Sanction limit.

> Maximum amount of payout not to exceed Rs.10.00 Lakh per case canvassed proposal.

> Bank will have the right to partial claw back of incentive / payout given to the DSA in case takeover of home loan & Mortgage loan business within 24 Months from the first disbursement, as per details mentioned in below table.

Period from 1st Disbursement                        Recovery / Adjustment
> Up to 12 months from the firs / Full disbursement = 50% recovery of payout
> 12 months & up to 24 months = 25% recovery of payout",Grammar
40,Clawback,"12 months - 50% Recovery, 24 Months - 25% Recovery

Any other recovery/subvention/ adjustments done by the bank will be also be adjusted/recovered from the channel payout","12 months - 50% Recovery, 24 Months - 25% Recovery

Any other recovery/subvention/ adjustments done by the bank will also be adjusted/recovered from the channel payout",Grammar
41,Payout Conditions / Additional Conditions,"Additional Pay-out for Takeover: 0.10%
> Payout to be paid on total sanction amount after minimum disbursement of 20% Sanction limit.

> Maximum amount of payout not to exceeds Rs.10.00 Lakh per case canvassed proposal.

> Bank will have the right to partial claw back of incentive / payout given to the DSA in case takeover of home loan & Mortgage loan business within 24 Months from the first disbursement, as per details mentioned in below table.

Period from 1st Disbursement                        Recovery / Adjustment
> Up to 12 months from the firs / Full disbursement = 50% recovery of payout
> 12 months & up to 24 months = 25% recovery of payout","Additional Pay-out for Takeover: 0.10%
> Payout to be paid on total sanction amount after minimum disbursement of 20% Sanction limit.

> Maximum amount of payout not to exceed Rs.10.00 Lakh per case canvassed proposal.

> Bank will have the right to partial claw back of incentive / payout given to the DSA in case takeover of home loan & Mortgage loan business within 24 Months from the first disbursement, as per details mentioned in below table.

Period from 1st Disbursement                        Recovery / Adjustment
> Up to 12 months from the firs / Full disbursement = 50% recovery of payout
> 12 months & up to 24 months = 25% recovery of payout",Grammar
41,Clawback,"12 months - 50% Recovery, 24 Months - 25% Recovery

Any other recovery/subvention/ adjustments done by the bank will be also be adjusted/recovered from the channel payout","12 months - 50% Recovery, 24 Months - 25% Recovery

Any other recovery/subvention/ adjustments done by the bank will also be adjusted/recovered from the channel payout",Grammar
42,Payout Conditions / Additional Conditions,"Max. comission per loan customer is restricted to Rs.12.00 Lakhs.
Commission payable for corporate BSA sourcing new lead for home loan (including takeover)/Takeove of Top up loan/loan against property to induvidual, Commission payment is subject to minimum disbursement of 10% of the sanctioned loan amount & actual realization of business by the bank. Home loan (including takeover)/Takeover of top up loan/ loan against property account of Rs.10.00 Lakhs & Above only are eligible for commission.
>Existing top-up loan & additional top-up loans, at the time of takeoover is eligible for payment of commission. Top-up loans sanctioned subsequently, after takeover of loan is not eligible for payment of commission.
>BSA commission paid in accounts which later on become Non performing asset within one year of sanctions and got classifide as quick mortality accounts will be clawed back. BSA commission paid in accounts which later got closed within one year of sanctions will be clawed back. If the account soursed by BSA is taken over within one year from the date of first disbursement, the commission paid to BSA for particular account will be recovered.","Max. commission per loan customer is restricted to Rs.12.00 Lakhs.
Commission payable for corporate BSA sourcing new lead for home loan (including takeover)/Takeover of Top up loan/loan against property to individual, Commission payment is subject to minimum disbursement of 10% of the sanctioned loan amount & actual realization of business by the bank. Home loan (including takeover)/Takeover of top up loan/ loan against property account of Rs.10.00 Lakhs & Above only are eligible for commission.
>Existing top-up loan & additional top-up loans, at the time of takeoover is eligible for payment of commission. Top-up loans sanctioned subsequently, after takeover of loan is not eligible for payment of commission.
>BSA commission paid in accounts which later on become Non performing asset within one year of sanctions and got classifide as quick mortality accounts will be clawed back. BSA commission paid in accounts which later got closed within one year of sanctions will be clawed back. If the account soursed by BSA is taken over within one year from the date of first disbursement, the commission paid to BSA for particular account will be recovered.",Spelling
42,Clawback,"100% in 1 year

Any other recovery/subvention/ adjustments done by the bank will be also be adjusted/recovered from the channel payout","100% in 1 year

Any other recovery/subvention/ adjustments done by the bank will also be adjusted/recovered from the channel payout",Grammar
43,Payout Conditions / Additional Conditions,"Max. comission per loan customer is restricted to Rs.12.00 Lakhs.
Commission payable for corporate BSA sourcing new lead for home loan (including takeover)/Takeove of Top up loan/loan against property to induvidual, Commission payment is subject to minimum disbursement of 10% of the sanctioned loan amount & actual realization of business by the bank. Home loan (including takeover)/Takeover of top up loan/ loan against property account of Rs.10.00 Lakhs & Above only are eligible for commission.
>Existing top-up loan & additional top-up loans, at the time of takeoover is eligible for payment of commission. Top-up loans sanctioned subsequently, after takeover of loan is not eligible for payment of commission.
>BSA commission paid in accounts which later on become Non performing asset within one year of sanctions and got classifide as quick mortality accounts will be clawed back. BSA commission paid in accounts which later got closed within one year of sanctions will be clawed back. If the account soursed by BSA is taken over within one year from the date of first disbursement, the commission paid to BSA for particular account will be recovered.""","Max. commission per loan customer is restricted to Rs.12.00 Lakhs.
Commission payable for corporate BSA sourcing new lead for home loan (including takeover)/Takeover of Top up loan/loan against property to individual, Commission payment is subject to minimum disbursement of 10% of the sanctioned loan amount & actual realization of business by the bank. Home loan (including takeover)/Takeover of top up loan/ loan against property account of Rs.10.00 Lakhs & Above only are eligible for commission.
>Existing top-up loan & additional top-up loans, at the time of takeoover is eligible for payment of commission. Top-up loans sanctioned subsequently, after takeover of loan is not eligible for payment of commission.
>BSA commission paid in accounts which later on become Non performing asset within one year of sanctions and got classifide as quick mortality accounts will be clawed back. BSA commission paid in accounts which later got closed within one year of sanctions will be clawed back. If the account soursed by BSA is taken over within one year from the date of first disbursement, the commission paid to BSA for particular account will be recovered.""",Spelling
43,Clawback,"100% in 1 year

Any other recovery/subvention/ adjustments done by the bank will be also be adjusted/recovered from the channel payout","100% in 1 year

Any other recovery/subvention/ adjustments done by the bank will also be adjusted/recovered from the channel payout",Grammar
44,Clawback,"Within 1 Year- 100% of commission to pe paid back, 50% Commission to be paid back if it happens within 2 tears

Any other recovery/subvention/ adjustments done by the bank will be also be adjusted/recovered from the channel payout","Within 1 Year- 100% of commission to pe paid back, 50% Commission to be paid back if it happens within 2 tears

Any other recovery/subvention/ adjustments done by the bank will also be adjusted/recovered from the channel payout",Grammar
45,Clawback,"Within 1 Year- 100% of commission to pe paid back, 50% Commission to be paid back if it happens within 2 tears

Any other recovery/subvention/ adjustments done by the bank will be also be adjusted/recovered from the channel payout","Within 1 Year- 100% of commission to pe paid back, 50% Commission to be paid back if it happens within 2 tears

Any other recovery/subvention/ adjustments done by the bank will also be adjusted/recovered from the channel payout",Grammar
47,Payout Conditions / Additional Conditions,"10% Disbursement, Existing Customer. Min Loan Amount INR 30 Lakhs



Recovery of DSA payout during the Claw Back Period:

100% recover if the account is taken over within one year from the date of first disbursement.
50% recover if the account is taken over within Two years and after completion of 1 year from the date of first disbursement.
25% recover if the account is taken over within Three years and after completion of 2 years from the date of first disbursement.
In case the account becomes impaired within one year (Quick Mortality Account) 100% recovery of commission shall be made from DSA.

Products Eligible for DSA Payout:

Home loan and its variants having loan amount above Rs.30.00 Lakh
Takeover Top up loan – If the sanctioned limit of takeover Housing Loan with our Bank is above Rs.30.00 Lakh, then the takeover Top up loan account is eligible for payout irrespective of loan amount of top up.
Cent mortgage loan having loan amount above Rs.30.00 Lakh
No payout will be paid for leads created after 15.09.2026 for the proposals with loan amount lesser than or equal to Rs.30.00 Lakh and education loans backed by the mortgage Security.","10% Disbursement, Existing Customer. Min Loan Amount INR 30 Lakhs

Recovery of DSA payout during the Claw Back Period:

100% recover if the account is taken over within one year from the date of first disbursement.
50% recover if the account is taken over within Two years and after completion of 1 year from the date of first disbursement.
25% recover if the account is taken over within Three years and after completion of 2 years from the date of first disbursement.
In case the account becomes impaired within one year (Quick Mortality Account) 100% recovery of commission shall be made from DSA.

Products Eligible for DSA Payout:

Home loan and its variants having loan amount above Rs.30.00 Lakh
Takeover Top up loan – If the sanctioned limit of takeover Housing Loan with our Bank is above Rs.30.00 Lakh, then the takeover Top up loan account is eligible for payout irrespective of loan amount of top up.
Cent mortgage loan having loan amount above Rs.30.00 Lakh
No payout will be paid for leads created after 15.09.2026 for the proposals with loan amount lesser than or equal to Rs.30.00 Lakh and education loans backed by the mortgage Security.",Whitespace/punctuation cleanup
48,Payout Conditions / Additional Conditions,"10% Disbursement, Existing Customer. Min Loan Amount INR 30 Lakhs



Recovery of DSA payout during the Claw Back Period:

100% recover if the account is taken over within one year from the date of first disbursement.
50% recover if the account is taken over within Two years and after completion of 1 year from the date of first disbursement.
25% recover if the account is taken over within Three years and after completion of 2 years from the date of first disbursement.
In case the account becomes impaired within one year (Quick Mortality Account) 100% recovery of commission shall be made from DSA.

Products Eligible for DSA Payout:

Home loan and its variants having loan amount above Rs.30.00 Lakh
Takeover Top up loan – If the sanctioned limit of takeover Housing Loan with our Bank is above Rs.30.00 Lakh, then the takeover Top up loan account is eligible for payout irrespective of loan amount of top up.
Cent mortgage loan having loan amount above Rs.30.00 Lakh
No payout will be paid for leads created after 15.09.2026 for the proposals with loan amount lesser than or equal to Rs.30.00 Lakh and education loans backed by the mortgage Security.","10% Disbursement, Existing Customer. Min Loan Amount INR 30 Lakhs

Recovery of DSA payout during the Claw Back Period:

100% recover if the account is taken over within one year from the date of first disbursement.
50% recover if the account is taken over within Two years and after completion of 1 year from the date of first disbursement.
25% recover if the account is taken over within Three years and after completion of 2 years from the date of first disbursement.
In case the account becomes impaired within one year (Quick Mortality Account) 100% recovery of commission shall be made from DSA.

Products Eligible for DSA Payout:

Home loan and its variants having loan amount above Rs.30.00 Lakh
Takeover Top up loan – If the sanctioned limit of takeover Housing Loan with our Bank is above Rs.30.00 Lakh, then the takeover Top up loan account is eligible for payout irrespective of loan amount of top up.
Cent mortgage loan having loan amount above Rs.30.00 Lakh
No payout will be paid for leads created after 15.09.2026 for the proposals with loan amount lesser than or equal to Rs.30.00 Lakh and education loans backed by the mortgage Security.",Whitespace/punctuation cleanup
48,Clawback,"Recovery of DSA payout during the Claw Back Period:

100% recover if the account is taken over within one year from the date of first disbursement.
50% recover if the account is taken over within Two years and after completion of 1 year from the date of first disbursement.
25% recover if the account is taken over within Three years and after completion of 2 years from the date of first disbursement.
In case the account becomes impaired within one year (Quick Mortality Account) 100% recovery of commission shall be made from DSA.

Any other recovery/subvention/ adjustments done by the bank will be also be adjusted/recovered from the channel payout","Recovery of DSA payout during the Claw Back Period:

100% recover if the account is taken over within one year from the date of first disbursement.
50% recover if the account is taken over within Two years and after completion of 1 year from the date of first disbursement.
25% recover if the account is taken over within Three years and after completion of 2 years from the date of first disbursement.
In case the account becomes impaired within one year (Quick Mortality Account) 100% recovery of commission shall be made from DSA.

Any other recovery/subvention/ adjustments done by the bank will also be adjusted/recovered from the channel payout",Grammar
49,Clawback,"12 months 100%

Any other recovery/subvention/ adjustments done by the bank will be also be adjusted/recovered from the channel payout","12 months 100%

Any other recovery/subvention/ adjustments done by the bank will also be adjusted/recovered from the channel payout",Grammar
50,Clawback,"12 months 100%

Any other recovery/subvention/ adjustments done by the bank will be also be adjusted/recovered from the channel payout","12 months 100%

Any other recovery/subvention/ adjustments done by the bank will also be adjusted/recovered from the channel payout",Grammar
51,Clawback,"12 months 100%

Any other recovery/subvention/ adjustments done by the bank will be also be adjusted/recovered from the channel payout","12 months 100%

Any other recovery/subvention/ adjustments done by the bank will also be adjusted/recovered from the channel payout",Grammar
52,Clawback,"12 months 100%

Any other recovery/subvention/ adjustments done by the bank will be also be adjusted/recovered from the channel payout","12 months 100%

Any other recovery/subvention/ adjustments done by the bank will also be adjusted/recovered from the channel payout",Grammar
53,Clawback,"12 months 100%

Any other recovery/subvention/ adjustments done by the bank will be also be adjusted/recovered from the channel payout","12 months 100%

Any other recovery/subvention/ adjustments done by the bank will also be adjusted/recovered from the channel payout",Grammar
54,Clawback,"12 months 100%

Any other recovery/subvention/ adjustments done by the bank will be also be adjusted/recovered from the channel payout","12 months 100%

Any other recovery/subvention/ adjustments done by the bank will also be adjusted/recovered from the channel payout",Grammar
55,Clawback,"12 months 100%

Any other recovery/subvention/ adjustments done by the bank will be also be adjusted/recovered from the channel payout","12 months 100%

Any other recovery/subvention/ adjustments done by the bank will also be adjusted/recovered from the channel payout",Grammar
56,Clawback,Any other recovery/subvention/ adjustments done by the bank will be also be adjusted/recovered from the channel payout,Any other recovery/subvention/ adjustments done by the bank will also be adjusted/recovered from the channel payout,Grammar
57,Clawback,Any other recovery/subvention/ adjustments done by the bank will be also be adjusted/recovered from the channel payout,Any other recovery/subvention/ adjustments done by the bank will also be adjusted/recovered from the channel payout,Grammar
58,Clawback,"12 months 100%

Any other recovery/subvention/ adjustments done by the bank will be also be adjusted/recovered from the channel payout","12 months 100%

Any other recovery/subvention/ adjustments done by the bank will also be adjusted/recovered from the channel payout",Grammar
59,Clawback,"12 months 100%

Any other recovery/subvention/ adjustments done by the bank will be also be adjusted/recovered from the channel payout","12 months 100%

Any other recovery/subvention/ adjustments done by the bank will also be adjusted/recovered from the channel payout",Grammar
60,Clawback,"12 months 100%

Any other recovery/subvention/ adjustments done by the bank will be also be adjusted/recovered from the channel payout","12 months 100%

Any other recovery/subvention/ adjustments done by the bank will also be adjusted/recovered from the channel payout",Grammar
61,Clawback,"12 months 100%

Any other recovery/subvention/ adjustments done by the bank will be also be adjusted/recovered from the channel payout","12 months 100%

Any other recovery/subvention/ adjustments done by the bank will also be adjusted/recovered from the channel payout",Grammar
62,Clawback,"12 months 100%

Any other recovery/subvention/ adjustments done by the bank will be also be adjusted/recovered from the channel payout","12 months 100%

Any other recovery/subvention/ adjustments done by the bank will also be adjusted/recovered from the channel payout",Grammar
63,Clawback,Any other recovery/subvention/ adjustments done by the bank will be also be adjusted/recovered from the channel payout,Any other recovery/subvention/ adjustments done by the bank will also be adjusted/recovered from the channel payout,Grammar
64,Clawback,Any other recovery/subvention/ adjustments done by the bank will be also be adjusted/recovered from the channel payout,Any other recovery/subvention/ adjustments done by the bank will also be adjusted/recovered from the channel payout,Grammar
65,Clawback,Any other recovery/subvention/ adjustments done by the bank will be also be adjusted/recovered from the channel payout,Any other recovery/subvention/ adjustments done by the bank will also be adjusted/recovered from the channel payout,Grammar
66,Clawback,"12 months 100%

Any other recovery/subvention/ adjustments done by the bank will be also be adjusted/recovered from the channel payout","12 months 100%

Any other recovery/subvention/ adjustments done by the bank will also be adjusted/recovered from the channel payout",Grammar
67,Clawback,"100% in 12 months

Any other recovery/subvention/ adjustments done by the bank will be also be adjusted/recovered from the channel payout","100% in 12 months

Any other recovery/subvention/ adjustments done by the bank will also be adjusted/recovered from the channel payout",Grammar
68,Clawback,"100% in 12 months
Also,subvention of PF and also rate discounts will be deducted

Any other recovery/subvention/ adjustments done by the bank will be also be adjusted/recovered from the channel payout","100% in 12 months
Also,subvention of PF and also rate discounts will be deducted

Any other recovery/subvention/ adjustments done by the bank will also be adjusted/recovered from the channel payout",Grammar
69,Clawback,Any other recovery/subvention/ adjustments done by the bank will be also be adjusted/recovered from the channel payout,Any other recovery/subvention/ adjustments done by the bank will also be adjusted/recovered from the channel payout,Grammar
72,Clawback,Any other recovery/subvention/ adjustments done by the bank will be also be adjusted/recovered from the channel payout,Any other recovery/subvention/ adjustments done by the bank will also be adjusted/recovered from the channel payout,Grammar
73,Clawback,"12 months 100%

Any other recovery/subvention/ adjustments done by the bank will be also be adjusted/recovered from the channel payout","12 months 100%

Any other recovery/subvention/ adjustments done by the bank will also be adjusted/recovered from the channel payout",Grammar
74,Clawback,"12 months 100%

Any other recovery/subvention/ adjustments done by the bank will be also be adjusted/recovered from the channel payout","12 months 100%

Any other recovery/subvention/ adjustments done by the bank will also be adjusted/recovered from the channel payout",Grammar
75,Clawback,"12 months 100%

Any other recovery/subvention/ adjustments done by the bank will be also be adjusted/recovered from the channel payout","12 months 100%

Any other recovery/subvention/ adjustments done by the bank will also be adjusted/recovered from the channel payout",Grammar
76,Clawback,"50% if any loan is closed or BT in 12 months

Any other recovery/subvention/ adjustments done by the bank will be also be adjusted/recovered from the channel payout","50% if any loan is closed or BT in 12 months

Any other recovery/subvention/ adjustments done by the bank will also be adjusted/recovered from the channel payout",Grammar
77,Clawback,"50% if any loan is closed or BT in 12 months

Any other recovery/subvention/ adjustments done by the bank will be also be adjusted/recovered from the channel payout","50% if any loan is closed or BT in 12 months

Any other recovery/subvention/ adjustments done by the bank will also be adjusted/recovered from the channel payout",Grammar
78,Clawback,"50% if any loan is closed or BT in 12 months

Any other recovery/subvention/ adjustments done by the bank will be also be adjusted/recovered from the channel payout","50% if any loan is closed or BT in 12 months

Any other recovery/subvention/ adjustments done by the bank will also be adjusted/recovered from the channel payout",Grammar
79,Clawback,"50% if any loan is closed or BT in 12 months

Any other recovery/subvention/ adjustments done by the bank will be also be adjusted/recovered from the channel payout","50% if any loan is closed or BT in 12 months

Any other recovery/subvention/ adjustments done by the bank will also be adjusted/recovered from the channel payout",Grammar
80,Clawback,Any other recovery/subvention/ adjustments done by the bank will be also be adjusted/recovered from the channel payout,Any other recovery/subvention/ adjustments done by the bank will also be adjusted/recovered from the channel payout,Grammar
81,Payout Conditions / Additional Conditions,"NDMA: Payout cycle 16th – 15th of every month
Note:
For Home Loan sanction cases below INR 2 lac/tenure less than 60 months, payout applicable at 0.30% on
disbursed value.
For LAP cases with tenure less than 60 months payout to be restricted at 0.30%.
For HL NDMA channel who achieve the 200cr Slab, weighted PF will be applicable min of 0.15% on
Sanction value (plus applicable taxes) and No sharing for additional processing fees collected.
For NHL DMA/NDMA channel who achieve the 150cr disbursement slab weighted PF will be applicable
min of 0.50% on Sanction value (plus applicable taxes) and no sharing for additional processing fees
collected.
NDMA payouts are cluster based,
Money Saver payout is applicable for HL cases.
Maximum payout is capped at Rs. 7.5 lacs per case for both HL/NHL. (DMA/NDMA)
Home Loan -Weighted Average PF 0.25% of the Sanction value 1. Any short fall in the Processing fee will
be deducted from the payout.
· 0. 50% of Processing Fee collected over and above 0.30% (weighted average) on sanction value will be shared
in the payout.(For HL Cases)
· Weighted Average PF 1% of the Sanction value. Any short fall in the Processing fee will be deducted from the
payout.
0. 50% of Processing Fee collected over and above 1% (weighted average) on sanction value will be shared
in the payout.10 Lacs. Dehi & NCR / Mumbai 12(NHL Cases
OD payout for DMA/NDMA
75% of Processing Fees for MLTOD where limit setup in Saving A/c
LAP for OD variants – ODLRD/BZLRD/LAPOD (where limit setup in Current A/c) Flat Payout of 85% of
Processing Thanks & Regards,","NDMA: Payout cycle 16th – 15th of every month
Note:
For Home Loan sanction cases below INR 2 lac/tenure less than 60 months, payout applicable at 0.30% on
disbursed value.
For LAP cases with tenure less than 60 months payout to be restricted at 0.30%.
For HL NDMA channel who achieve the 200cr Slab, weighted PF will be applicable min of 0.15% on
Sanction value (plus applicable taxes) and No sharing for additional processing fees collected.
For NHL DMA/NDMA channel who achieve the 150cr disbursement slab weighted PF will be applicable
min of 0.50% on Sanction value (plus applicable taxes) and no sharing for additional processing fees
collected.
NDMA payouts are cluster based,
Money Saver payout is applicable for HL cases.
Maximum payout is capped at Rs. 7.5 lacs per case for both HL/NHL. (DMA/NDMA)
Home Loan -Weighted Average PF 0.25% of the Sanction value 1. Any short fall in the Processing fee will
be deducted from the payout.
· 0. 50% of Processing Fee collected over and above 0.30% (weighted average) on sanction value will be shared
in the payout. (For HL Cases)
· Weighted Average PF 1% of the Sanction value. Any short fall in the Processing fee will be deducted from the
payout.
0. 50% of Processing Fee collected over and above 1% (weighted average) on sanction value will be shared
in the payout.10 Lacs. Dehi & NCR / Mumbai 12 (NHL Cases
OD payout for DMA/NDMA
75% of Processing Fees for MLTOD where limit setup in Saving A/c
LAP for OD variants – ODLRD/BZLRD/LAPOD (where limit setup in Current A/c) Flat Payout of 85% of
Processing Thanks & Regards,",Whitespace/punctuation cleanup
81,Clawback,"1 Year - 100% Payout recovery less PF collected on the case.

Any other recovery/subvention/ adjustments done by the bank will be also be adjusted/recovered from the channel payout","1 Year - 100% Payout recovery less PF collected on the case.

Any other recovery/subvention/ adjustments done by the bank will also be adjusted/recovered from the channel payout",Grammar
82,Clawback,"1 Year - 100% Payout recovery less PF collected on the case.

Any other recovery/subvention/ adjustments done by the bank will be also be adjusted/recovered from the channel payout","1 Year - 100% Payout recovery less PF collected on the case.

Any other recovery/subvention/ adjustments done by the bank will also be adjusted/recovered from the channel payout",Grammar
83,Payout Conditions / Additional Conditions,"1. DMA/NDMA Payout: . On Disbursement of Home Loan/Non-Home Loan/Money saver:Payout excluding GST
& AT
Note:
For Home Loan sanction cases below INR 2 lac/tenure less than 60 months, payout applicable at 0.30% on
disbursed value.
For LAP cases with tenure less than 60 months payout to be restricted at 0.30%.
For HL NDMA channel who achieve the 200cr Slab, weighted PF will be applicable min of 0.15% on
Sanction value (plus applicable taxes) and No sharing for additional processing fees collected.
For NHL DMA/NDMA channel who achieve the 150cr disbursement slab weighted PF will be applicable
min of 0.50% on Sanction value (plus applicable taxes) and no sharing for additional processing fees
collected.
NDMA payouts are cluster based,
Money Saver payout is applicable for HL cases.
Maximum payout is capped at Rs. 7.5 lacs per case for both HL/NHL. (DMA/NDMA)
Home Loan -Weighted Average PF 0.25% of the Sanction value 1. Any short fall in the Processing fee will
be deducted from the payout.
· 0. 50% of Processing Fee collected over and above 0.30% (weighted average) on sanction value will be shared
in the payout.(For HL Cases)
· Weighted Average PF 1% of the Sanction value. Any short fall in the Processing fee will be deducted from the
payout.
0. 50% of Processing Fee collected over and above 1% (weighted average) on sanction value will be shared
in the payout.10 Lacs. Dehi & NCR / Mumbai 12(NHL Cases
OD payout for DMA/NDMA
75% of Processing Fees for MLTOD where limit setup in Saving A/c
LAP for OD variants – ODLRD/BZLRD/LAPOD (where limit setup in Current A/c) Flat Payout of 85% of
Processing Thanks & Regards,","1. DMA/NDMA Payout: . On Disbursement of Home Loan/Non-Home Loan/Money saver:Payout excluding GST
& AT
Note:
For Home Loan sanction cases below INR 2 lac/tenure less than 60 months, payout applicable at 0.30% on
disbursed value.
For LAP cases with tenure less than 60 months payout to be restricted at 0.30%.
For HL NDMA channel who achieve the 200cr Slab, weighted PF will be applicable min of 0.15% on
Sanction value (plus applicable taxes) and No sharing for additional processing fees collected.
For NHL DMA/NDMA channel who achieve the 150cr disbursement slab weighted PF will be applicable
min of 0.50% on Sanction value (plus applicable taxes) and no sharing for additional processing fees
collected.
NDMA payouts are cluster based,
Money Saver payout is applicable for HL cases.
Maximum payout is capped at Rs. 7.5 lacs per case for both HL/NHL. (DMA/NDMA)
Home Loan -Weighted Average PF 0.25% of the Sanction value 1. Any short fall in the Processing fee will
be deducted from the payout.
· 0. 50% of Processing Fee collected over and above 0.30% (weighted average) on sanction value will be shared
in the payout. (For HL Cases)
· Weighted Average PF 1% of the Sanction value. Any short fall in the Processing fee will be deducted from the
payout.
0. 50% of Processing Fee collected over and above 1% (weighted average) on sanction value will be shared
in the payout.10 Lacs. Dehi & NCR / Mumbai 12 (NHL Cases
OD payout for DMA/NDMA
75% of Processing Fees for MLTOD where limit setup in Saving A/c
LAP for OD variants – ODLRD/BZLRD/LAPOD (where limit setup in Current A/c) Flat Payout of 85% of
Processing Thanks & Regards,",Whitespace/punctuation cleanup
83,Clawback,"1 Year - 100% Payout recovery less PF collected on the case.

Any other recovery/subvention/ adjustments done by the bank will be also be adjusted/recovered from the channel payout","1 Year - 100% Payout recovery less PF collected on the case.

Any other recovery/subvention/ adjustments done by the bank will also be adjusted/recovered from the channel payout",Grammar
84,Clawback,"1 Year - 100% Payout recovery less PF collected on the case.

Any other recovery/subvention/ adjustments done by the bank will be also be adjusted/recovered from the channel payout","1 Year - 100% Payout recovery less PF collected on the case.

Any other recovery/subvention/ adjustments done by the bank will also be adjusted/recovered from the channel payout",Grammar
85,Clawback,Any other recovery/subvention/ adjustments done by the bank will be also be adjusted/recovered from the channel payout,Any other recovery/subvention/ adjustments done by the bank will also be adjusted/recovered from the channel payout,Grammar
86,Clawback,Any other recovery/subvention/ adjustments done by the bank will be also be adjusted/recovered from the channel payout,Any other recovery/subvention/ adjustments done by the bank will also be adjusted/recovered from the channel payout,Grammar
87,Clawback,Any other recovery/subvention/ adjustments done by the bank will be also be adjusted/recovered from the channel payout,Any other recovery/subvention/ adjustments done by the bank will also be adjusted/recovered from the channel payout,Grammar
88,Clawback,"Fraud /Buyer-seller Collision- 100% Recovery, BT-100%I in 6 months & 50 within 12 months,Paraller Funding- 100% Recovery if identified within 12 months

Any other recovery/subvention/ adjustments done by the bank will be also be adjusted/recovered from the channel payout","Fraud /Buyer-seller Collision- 100% Recovery, BT-100%I in 6 months & 50 within 12 months,Paraller Funding- 100% Recovery if identified within 12 months

Any other recovery/subvention/ adjustments done by the bank will also be adjusted/recovered from the channel payout",Grammar
89,Clawback,"Fraud /Buyer-seller Collision- 100% Recovery, BT-100%I in 6 months & 50 within 12 months,Paraller Funding- 100% Recovery if identified within 12 months

Any other recovery/subvention/ adjustments done by the bank will be also be adjusted/recovered from the channel payout","Fraud /Buyer-seller Collision- 100% Recovery, BT-100%I in 6 months & 50 within 12 months,Paraller Funding- 100% Recovery if identified within 12 months

Any other recovery/subvention/ adjustments done by the bank will also be adjusted/recovered from the channel payout",Grammar
90,Clawback,"Fraud /Buyer-seller Collision- 100% Recovery, BT-100%I in 6 months & 50 within 12 months,Paraller Funding- 100% Recovery if identified within 12 months

Any other recovery/subvention/ adjustments done by the bank will be also be adjusted/recovered from the channel payout","Fraud /Buyer-seller Collision- 100% Recovery, BT-100%I in 6 months & 50 within 12 months,Paraller Funding- 100% Recovery if identified within 12 months

Any other recovery/subvention/ adjustments done by the bank will also be adjusted/recovered from the channel payout",Grammar
91,Clawback,"Fraud /Buyer-seller Collision- 100% Recovery, BT-100%I in 6 months & 50 within 12 months,Paraller Funding- 100% Recovery if identified within 12 months 

Any other recovery/subvention/ adjustments done by the bank will be also be adjusted/recovered from the channel payout","Fraud /Buyer-seller Collision- 100% Recovery, BT-100%I in 6 months & 50 within 12 months,Paraller Funding- 100% Recovery if identified within 12 months

Any other recovery/subvention/ adjustments done by the bank will also be adjusted/recovered from the channel payout",Grammar
92,Clawback,"12 months 100%

Any other recovery/subvention/ adjustments done by the bank will be also be adjusted/recovered from the channel payout","12 months 100%

Any other recovery/subvention/ adjustments done by the bank will also be adjusted/recovered from the channel payout",Grammar
93,Clawback,"12 months 100%

Any other recovery/subvention/ adjustments done by the bank will be also be adjusted/recovered from the channel payout","12 months 100%

Any other recovery/subvention/ adjustments done by the bank will also be adjusted/recovered from the channel payout",Grammar
94,Payout Conditions / Additional Conditions,"Terms and Condition

1. Payout will be calculated on Disbursal Amount
2. Sanction Amount less than 10 will not be
counted in payout calculation of Channel partner
3. Slab will be applicable on total disbursal
amount irrespective of the tranches for the
respective product
4. Payout will be reversed and held back for
cancelled cases. Which is checked by product
team and shared with ops team on Monthly
basis
5. For BT Cases payout will be released once
property documents received","Terms and Conditions

1. Payout will be calculated on Disbursal Amount
2. Sanction Amount less than 10 will not be
counted in payout calculation of Channel partner
3. Slab will be applicable on total disbursal
amount irrespective of the tranches for the
respective product
4. Payout will be reversed and held back for
cancelled cases. Which is checked by product
team and shared with ops team on Monthly
basis
5. For BT Cases payout will be released once
property documents received",Grammar
94,Clawback,Any other recovery/subvention/ adjustments done by the bank will be also be adjusted/recovered from the channel payout,Any other recovery/subvention/ adjustments done by the bank will also be adjusted/recovered from the channel payout,Grammar
95,Payout Conditions / Additional Conditions,"Terms and Condition

1. Payout will be calculated on Disbursal Amount
2. Sanction Amount less than 10 will not be
counted in payout calculation of Channel partner
3. Slab will be applicable on total disbursal
amount irrespective of the tranches for the
respective product
4. Payout will be reversed and held back for
cancelled cases. Which is checked by product
team and shared with ops team on Monthly
basis
5. For BT Cases payout will be released once
property documents received","Terms and Conditions

1. Payout will be calculated on Disbursal Amount
2. Sanction Amount less than 10 will not be
counted in payout calculation of Channel partner
3. Slab will be applicable on total disbursal
amount irrespective of the tranches for the
respective product
4. Payout will be reversed and held back for
cancelled cases. Which is checked by product
team and shared with ops team on Monthly
basis
5. For BT Cases payout will be released once
property documents received",Grammar
95,Clawback,Any other recovery/subvention/ adjustments done by the bank will be also be adjusted/recovered from the channel payout,Any other recovery/subvention/ adjustments done by the bank will also be adjusted/recovered from the channel payout,Grammar
96,Payout Conditions / Additional Conditions,"Incremental Payout for P.F        Incremental PF collected over and above 0.5 % in HL will be distributed equally between the DSA and the Bank with a capping of 0.50% on the sanctioned loan amount.
E.g.: If PF collected in HL is 1.00%, DSA would be given an incremental PF payout of 0.25%. If PF collected is 2.00%, DSA would be given an incremental PF payout of 0.50%.

Subvention        Subvention computation if any will be done at case level with BH approval.
Cancellation & Slab Recovery        Slab recovery is done on cancelled cases. Cancellation & Penalty adjustment (if any) will be done basis on system data & approval mail shared by team. Cancelled cases will be deducted from net disbursement. There will be a reversal of incentive for all cancelled or foreclosed cases (non FCRB) within 12 months.

Important Points        Payout to be calculated on final disbursal amount.
Volumes of BT and CT will be considered in the disbursal month subject to receipt of RTGS/PP/DD.
Case level capping of payout @ Rs 8 lacs (excl. GST).
The quarterly target to qualify as corporate DSA is 30 crs. The payout would be adjusted in the final month of the qtr if the 30 crs qtrly target is met. For example: If the DSA does the following biz: Apr – 6 crs; May – 8 crs and June- 16 crs. The DSA in such a case will not be eligible for payout of 1.10% in Apr and May, however in June payout the rate of 1.10% will be applicable on all cases done in the qtr as the qtrly target of 30 crs has been met in Jun.
For FCRB cases the payout and PF will be calculated on the net disbursal amount (incremental amount) only.
E-stamp amount to recovered on cancellation cases.
RAAC rates will be communicated as & when changed during the month.
In cases of dispute(s), the decision of IDFC Management will be treated as Final.","Incremental Payout for P.F        Incremental PF collected over and above 0.5 % in HL will be distributed equally between the DSA and the Bank with a capping of 0.50% on the sanctioned loan amount.
E.g.: If PF collected in HL is 1.00%, DSA would be given an incremental PF payout of 0.25%. If PF collected is 2.00%, DSA would be given an incremental PF payout of 0.50%.

Subvention        Subvention computation if any will be done at case level with BH approval.
Cancellation & Slab Recovery        Slab recovery is done on cancelled cases. Cancellation & Penalty adjustment (if any) will be done basis on system data & approval mail shared by team. Cancelled cases will be deducted from net disbursement. There will be a reversal of incentive for all cancelled or foreclosed cases (non FCRB) within 12 months.

Important Points        Payout to be calculated on final disbursal amount.
Volumes of BT and CT will be considered in the disbursal month subject to receipt of RTGS/PP/DD.
Case level capping of payout @ Rs 8 lacs (excl. GST).
The quarterly target to qualify as corporate DSA is 30 crs. The payout would be adjusted in the final month of the qtr if the 30 crs qtrly target is met. For example: If the DSA does the following biz: Apr – 6 crs; May – 8 crs and June- 16 crs. The DSA in such a case will not be eligible for payout of 1.10% in Apr and May, however in June payout the rate of 1.10% will be applicable on all cases done in the qtr as the qtrly target of 30 crs has been met in Jun.
For FCRB cases the payout and PF will be calculated on the net disbursal amount (incremental amount) only.
E-stamp amount to recovered on cancellation cases.
RAAC rates will be communicated as & when changed during the month.
In cases of dispute (s), the decision of IDFC Management will be treated as Final.",Whitespace/punctuation cleanup
96,Clawback,Any other recovery/subvention/ adjustments done by the bank will be also be adjusted/recovered from the channel payout,Any other recovery/subvention/ adjustments done by the bank will also be adjusted/recovered from the channel payout,Grammar
98,Clawback,"12 months 100%

Any other recovery/subvention/ adjustments done by the bank will be also be adjusted/recovered from the channel payout","12 months 100%

Any other recovery/subvention/ adjustments done by the bank will also be adjusted/recovered from the channel payout",Grammar
99,Clawback,"12 months 100%

Any other recovery/subvention/ adjustments done by the bank will be also be adjusted/recovered from the channel payout","12 months 100%

Any other recovery/subvention/ adjustments done by the bank will also be adjusted/recovered from the channel payout",Grammar
100,Clawback,"12 months 100%

Any other recovery/subvention/ adjustments done by the bank will be also be adjusted/recovered from the channel payout","12 months 100%

Any other recovery/subvention/ adjustments done by the bank will also be adjusted/recovered from the channel payout",Grammar
101,Clawback,"12 months 100%

Any other recovery/subvention/ adjustments done by the bank will be also be adjusted/recovered from the channel payout","12 months 100%

Any other recovery/subvention/ adjustments done by the bank will also be adjusted/recovered from the channel payout",Grammar
102,Clawback,"12 months 100%

Any other recovery/subvention/ adjustments done by the bank will be also be adjusted/recovered from the channel payout","12 months 100%

Any other recovery/subvention/ adjustments done by the bank will also be adjusted/recovered from the channel payout",Grammar
103,Payout Conditions / Additional Conditions,"Terms and conditions:
1. Payout is exclusive GST.
2. The payout will be applicable as per the rate and benchmark fees(0.75%) mentioned
below on a case to case basis with a maximum loan amount capping of 10 Cr.
3. If PF collected less than the benchmark PF (0.75%), then the same will be subvented
from payout. This will be calculated on a case to case basis.
4. If PF collected above than the benchmark 0.75% of PF , then the same will be
extended to partners in the ratio of 80:20. (partner:JFL). This will also be calculated
on a case to case basis.
5. No rate deviation from the applicable slab , In case of rate deviation case
commercial to be approved at a case to case basis.
6. Pay-out will be extended on disbursement amount , in case of BT plus top up ;
payout will be at a tranche level.
7. Payout will be credited post closure of all critical PDDs to be defined as a case level
basis.
8. Overall payout will be calculated at a monthly level at case level , in case the quarter
achievement of volume is crossing the respective slab cumulatively the payout will be
extended for overall cases for the quarter as a kicker.

Single case Payout >10 Cr
1. Norms for a Single Case: LAP/LRD for cases >10 Cr.
2. For a single case >Rs 20 cr. then payout will be capped on 1.4% + GST of 20 crore.
3. Payout is linked to processing fees collected , benchmark PF 0.5%+GST.
4. If PF collected less than the benchmark, then the same will be subvented from
payout.
5. If PF collected above than the benchmark 0.5% of PF , then the same will be
extended to partners in the ratio of 80:20. (partner:JFL). This will also be calculated
on a case to case basis.","Terms and conditions:
1. Payout is exclusive of GST.
2. The payout will be applicable as per the rate and benchmark fees(0.75%) mentioned
below on a case-by-case basis with a maximum loan amount capping of 10 Cr.
3. if PF collected is less than the benchmark PF (0.75%), then the same will be subvented
from payout. This will be calculated on a case-by-case basis.
4. If PF collected above than the benchmark 0.75% of PF , then the same will be
extended to partners in the ratio of 80:20. (partner:JFL). This will also be calculated
on a case-by-case basis.
5. No rate deviation from the applicable slab , In case of rate deviation case
commercial to be approved at a case-by-case basis.
6. Pay-out will be extended on disbursement amount , in case of BT plus top up ;
payout will be at a tranche level.
7. Payout will be credited post closure of all critical PDDs to be defined as a case level
basis.
8. Overall payout will be calculated at a monthly level at case level , in case the quarter
achievement of volume is crossing the respective slab cumulatively the payout will be
extended for overall cases for the quarter as a kicker.

Single case Payout >10 Cr
1. Norms for a Single Case: LAP/LRD for cases >10 Cr.
2. For a single case >Rs 20 cr. then payout will be capped on 1.4% + GST of 20 crore.
3. Payout is linked to processing fees collected , benchmark PF 0.5%+GST.
4. if PF collected is less than the benchmark, then the same will be subvented from
payout.
5. If PF collected above than the benchmark 0.5% of PF , then the same will be
extended to partners in the ratio of 80:20. (partner:JFL). This will also be calculated
on a case-by-case basis.",Grammar
103,Clawback,"12 months 100%

Any other recovery/subvention/ adjustments done by the bank will be also be adjusted/recovered from the channel payout","12 months 100%

Any other recovery/subvention/ adjustments done by the bank will also be adjusted/recovered from the channel payout",Grammar
104,Clawback,"6 months 100%

Any other recovery/subvention/ adjustments done by the bank will be also be adjusted/recovered from the channel payout","6 months 100%

Any other recovery/subvention/ adjustments done by the bank will also be adjusted/recovered from the channel payout",Grammar
105,Clawback,Any other recovery/subvention/ adjustments done by the bank will be also be adjusted/recovered from the channel payout,Any other recovery/subvention/ adjustments done by the bank will also be adjusted/recovered from the channel payout,Grammar
106,Clawback,Any other recovery/subvention/ adjustments done by the bank will be also be adjusted/recovered from the channel payout,Any other recovery/subvention/ adjustments done by the bank will also be adjusted/recovered from the channel payout,Grammar
107,Payout Capping,"Slab for Amount Disbursed /Number of leads referred in a month Rate 

Upto 1 Crore of Disbursement value 1.5% of the disbursed value 
1.1 Crore to 2 Crores 1.75% of the disbursed value 
2.1 Crores and above 2% of the disbursed value","Slab for Amount Disbursed /Number of leads referred in a month Rate

Upto 1 Crore of Disbursement value 1.5% of the disbursed value
1.1 Crore to 2 Crores 1.75% of the disbursed value
2.1 Crores and above 2% of the disbursed value",Whitespace/punctuation cleanup
107,Clawback,Any other recovery/subvention/ adjustments done by the bank will be also be adjusted/recovered from the channel payout,Any other recovery/subvention/ adjustments done by the bank will also be adjusted/recovered from the channel payout,Grammar
108,Clawback,"50% Payout Clawback if BT within 15 Months

Any other recovery/subvention/ adjustments done by the bank will be also be adjusted/recovered from the channel payout","50% Payout Clawback if BT within 15 Months

Any other recovery/subvention/ adjustments done by the bank will also be adjusted/recovered from the channel payout",Grammar
109,Clawback,"50% Payout Clawback if BT within 15 Months

Any other recovery/subvention/ adjustments done by the bank will be also be adjusted/recovered from the channel payout","50% Payout Clawback if BT within 15 Months

Any other recovery/subvention/ adjustments done by the bank will also be adjusted/recovered from the channel payout",Grammar
110,Clawback,"50% Payout Clawback if BT within 15 Months

Any other recovery/subvention/ adjustments done by the bank will be also be adjusted/recovered from the channel payout","50% Payout Clawback if BT within 15 Months

Any other recovery/subvention/ adjustments done by the bank will also be adjusted/recovered from the channel payout",Grammar
111,Payout Conditions / Additional Conditions,"PF Sharing - 50% of the PF collected over and above 0.5% will be shared as pay-out (subject to maximum pay out capping.)

Processing Fee - 
> 0.50% + GST for LAP/Commercial
>1.5% + GST for BL as a Top UP with LAP

Terms & Conditions apply
 This pay-out is applicable for disbursal done with LAP vertical only.
 GST will be applicable at 18% over and above the pay-out % mentioned. However, you are requested to file your GST regularly and the GST returns
amount mentioned on the GST site should match with the GST amount mentioned on the Invoice. In case there is a mismatch, the Bank has the right
to claw back the pay-outs for the said period/s.
 For partners operating out of multiple locations, the partnership type and pay-outs may be decided based on your registered location.
 Rates and Processing Fees are to be decided at the sole discretion of Kotak Mahindra Bank.
 PF collected is less than 0.50% + GST for LAP LAP then differential amount be borne by DSA. The deduction of pay-out will be applicable from the
maximum capping or the pay-out as per the slab..
 Pay-outs will be released only on property papers vaulted with the Bank, irrespective of the type of the loan (BT/Non BT/LCP/Partial Disbursal Case).
 In this case, quarterly volume achievement denote April-May-June, July-Aug-Sept, Oct-Nov-Dec, and Jan-Feb-Mar.
 OD volume shall be considered for Quarterly achievement.
 Claw back recovery in case of Foreclosure: Claw back of 100% of pay-out if apac will foreclosure within 9 months & Claw back of 50% of pay- out if
apac will foreclosure above 9 months to 18 Months from date of first disbursement (will be deducted from future pay-out). This will be applicable on
ALL loan closures happening 1st March 2026 onwards.
 Pay-out will not be processed in case of terminated APAC.","PF Sharing - 50% of the PF collected over and above 0.5% will be shared as pay-out (subject to maximum pay out capping.)

Processing Fee -
> 0.50% + GST for LAP/Commercial
>1.5% + GST for BL as a Top UP with LAP

Terms & Conditions apply
 This pay-out is applicable for disbursal done with LAP vertical only.
 GST will be applicable at 18% over and above the pay-out % mentioned. However, you are requested to file your GST regularly and the GST returns
amount mentioned on the GST site should match with the GST amount mentioned on the Invoice. In case there is a mismatch, the Bank has the right
to claw back the pay-outs for the said period/s.
 For partners operating out of multiple locations, the partnership type and pay-outs may be decided based on your registered location.
 Rates and Processing Fees are to be decided at the sole discretion of Kotak Mahindra Bank.
 PF collected is less than 0.50% + GST for LAP LAP then differential amount be borne by DSA. The deduction of pay-out will be applicable from the
maximum capping or the pay-out as per the slab..
 Pay-outs will be released only on property papers vaulted with the Bank, irrespective of the type of the loan (BT/Non BT/LCP/Partial Disbursal Case).
 In this case, quarterly volume achievement denote April-May-June, July-Aug-Sept, Oct-Nov-Dec, and Jan-Feb-Mar.
 OD volume shall be considered for Quarterly achievement.
 Claw back recovery in case of Foreclosure: Claw back of 100% of pay-out if apac will foreclosure within 9 months & Claw back of 50% of pay- out if
apac will foreclosure above 9 months to 18 Months from date of first disbursement (will be deducted from future pay-out). This will be applicable on
ALL loan closures happening 1st March 2026 onwards.
 Pay-out will not be processed in case of terminated APAC.",Whitespace/punctuation cleanup
111,Clawback,"50% Payout Clawback if BT within 15 Months

Any other recovery/subvention/ adjustments done by the bank will be also be adjusted/recovered from the channel payout","50% Payout Clawback if BT within 15 Months

Any other recovery/subvention/ adjustments done by the bank will also be adjusted/recovered from the channel payout",Grammar
112,Clawback,"50% Payout Clawback if BT within 15 Months

Any other recovery/subvention/ adjustments done by the bank will be also be adjusted/recovered from the channel payout","50% Payout Clawback if BT within 15 Months

Any other recovery/subvention/ adjustments done by the bank will also be adjusted/recovered from the channel payout",Grammar
113,Payout Conditions / Additional Conditions,"PF Sharing - 50% of the PF collected over and above 0.5% will be shared as pay-out (subject to maximum pay out capping.)

Processing Fee - 
> 0.50% + GST for LAP/Commercial
>1.5% + GST for BL as a Top UP with LAP

Terms & Conditions apply
 This pay-out is applicable for disbursal done with LAP vertical only.
 GST will be applicable at 18% over and above the pay-out % mentioned. However, you are requested to file your GST regularly and the GST returns
amount mentioned on the GST site should match with the GST amount mentioned on the Invoice. In case there is a mismatch, the Bank has the right
to claw back the pay-outs for the said period/s.
 For partners operating out of multiple locations, the partnership type and pay-outs may be decided based on your registered location.
 Rates and Processing Fees are to be decided at the sole discretion of Kotak Mahindra Bank.
 PF collected is less than 0.50% + GST for LAP LAP then differential amount be borne by DSA. The deduction of pay-out will be applicable from the
maximum capping or the pay-out as per the slab..
 Pay-outs will be released only on property papers vaulted with the Bank, irrespective of the type of the loan (BT/Non BT/LCP/Partial Disbursal Case).
 In this case, quarterly volume achievement denote April-May-June, July-Aug-Sept, Oct-Nov-Dec, and Jan-Feb-Mar.
 OD volume shall be considered for Quarterly achievement.
 Claw back recovery in case of Foreclosure: Claw back of 100% of pay-out if apac will foreclosure within 9 months & Claw back of 50% of pay- out if
apac will foreclosure above 9 months to 18 Months from date of first disbursement (will be deducted from future pay-out). This will be applicable on
ALL loan closures happening 1st March 2026 onwards.
 Pay-out will not be processed in case of terminated APAC.","PF Sharing - 50% of the PF collected over and above 0.5% will be shared as pay-out (subject to maximum pay out capping.)

Processing Fee -
> 0.50% + GST for LAP/Commercial
>1.5% + GST for BL as a Top UP with LAP

Terms & Conditions apply
 This pay-out is applicable for disbursal done with LAP vertical only.
 GST will be applicable at 18% over and above the pay-out % mentioned. However, you are requested to file your GST regularly and the GST returns
amount mentioned on the GST site should match with the GST amount mentioned on the Invoice. In case there is a mismatch, the Bank has the right
to claw back the pay-outs for the said period/s.
 For partners operating out of multiple locations, the partnership type and pay-outs may be decided based on your registered location.
 Rates and Processing Fees are to be decided at the sole discretion of Kotak Mahindra Bank.
 PF collected is less than 0.50% + GST for LAP LAP then differential amount be borne by DSA. The deduction of pay-out will be applicable from the
maximum capping or the pay-out as per the slab..
 Pay-outs will be released only on property papers vaulted with the Bank, irrespective of the type of the loan (BT/Non BT/LCP/Partial Disbursal Case).
 In this case, quarterly volume achievement denote April-May-June, July-Aug-Sept, Oct-Nov-Dec, and Jan-Feb-Mar.
 OD volume shall be considered for Quarterly achievement.
 Claw back recovery in case of Foreclosure: Claw back of 100% of pay-out if apac will foreclosure within 9 months & Claw back of 50% of pay- out if
apac will foreclosure above 9 months to 18 Months from date of first disbursement (will be deducted from future pay-out). This will be applicable on
ALL loan closures happening 1st March 2026 onwards.
 Pay-out will not be processed in case of terminated APAC.",Whitespace/punctuation cleanup
113,Clawback,"50% Payout Clawback if BT within 15 Months

Any other recovery/subvention/ adjustments done by the bank will be also be adjusted/recovered from the channel payout","50% Payout Clawback if BT within 15 Months

Any other recovery/subvention/ adjustments done by the bank will also be adjusted/recovered from the channel payout",Grammar
114,Clawback,"50% Payout Clawback if BT within 15 Months

Any other recovery/subvention/ adjustments done by the bank will be also be adjusted/recovered from the channel payout","50% Payout Clawback if BT within 15 Months

Any other recovery/subvention/ adjustments done by the bank will also be adjusted/recovered from the channel payout",Grammar
115,Clawback,"50% Payout Clawback if BT within 15 Months

Any other recovery/subvention/ adjustments done by the bank will be also be adjusted/recovered from the channel payout","50% Payout Clawback if BT within 15 Months

Any other recovery/subvention/ adjustments done by the bank will also be adjusted/recovered from the channel payout",Grammar
116,Clawback,"12 months 100%

Any other recovery/subvention/ adjustments done by the bank will be also be adjusted/recovered from the channel payout","12 months 100%

Any other recovery/subvention/ adjustments done by the bank will also be adjusted/recovered from the channel payout",Grammar
117,Clawback,"12 months 100%

Any other recovery/subvention/ adjustments done by the bank will be also be adjusted/recovered from the channel payout","12 months 100%

Any other recovery/subvention/ adjustments done by the bank will also be adjusted/recovered from the channel payout",Grammar
118,Clawback,"12 months 100%

Any other recovery/subvention/ adjustments done by the bank will be also be adjusted/recovered from the channel payout","12 months 100%

Any other recovery/subvention/ adjustments done by the bank will also be adjusted/recovered from the channel payout",Grammar
119,Clawback,"12 months 100%

Any other recovery/subvention/ adjustments done by the bank will be also be adjusted/recovered from the channel payout","12 months 100%

Any other recovery/subvention/ adjustments done by the bank will also be adjusted/recovered from the channel payout",Grammar
120,Clawback,"12 months 100%

Any other recovery/subvention/ adjustments done by the bank will be also be adjusted/recovered from the channel payout","12 months 100%

Any other recovery/subvention/ adjustments done by the bank will also be adjusted/recovered from the channel payout",Grammar
121,Clawback,"12 months 100%

Any other recovery/subvention/ adjustments done by the bank will be also be adjusted/recovered from the channel payout","12 months 100%

Any other recovery/subvention/ adjustments done by the bank will also be adjusted/recovered from the channel payout",Grammar
122,Clawback,"12 months 100%

Any other recovery/subvention/ adjustments done by the bank will be also be adjusted/recovered from the channel payout","12 months 100%

Any other recovery/subvention/ adjustments done by the bank will also be adjusted/recovered from the channel payout",Grammar
123,Clawback,"12 months 100%

Any other recovery/subvention/ adjustments done by the bank will be also be adjusted/recovered from the channel payout","12 months 100%

Any other recovery/subvention/ adjustments done by the bank will also be adjusted/recovered from the channel payout",Grammar
124,Clawback,"12 months 100%

Any other recovery/subvention/ adjustments done by the bank will be also be adjusted/recovered from the channel payout","12 months 100%

Any other recovery/subvention/ adjustments done by the bank will also be adjusted/recovered from the channel payout",Grammar
125,Clawback,"12 months 100%

Any other recovery/subvention/ adjustments done by the bank will be also be adjusted/recovered from the channel payout","12 months 100%

Any other recovery/subvention/ adjustments done by the bank will also be adjusted/recovered from the channel payout",Grammar
126,Clawback,"12 months 100%

Any other recovery/subvention/ adjustments done by the bank will be also be adjusted/recovered from the channel payout","12 months 100%

Any other recovery/subvention/ adjustments done by the bank will also be adjusted/recovered from the channel payout",Grammar
127,Clawback,"12 months 100%

Any other recovery/subvention/ adjustments done by the bank will be also be adjusted/recovered from the channel payout","12 months 100%

Any other recovery/subvention/ adjustments done by the bank will also be adjusted/recovered from the channel payout",Grammar
128,Clawback,"12 months 100%

Any other recovery/subvention/ adjustments done by the bank will be also be adjusted/recovered from the channel payout","12 months 100%

Any other recovery/subvention/ adjustments done by the bank will also be adjusted/recovered from the channel payout",Grammar
129,Sub-Product / Variant,Document Handaling charges,Document Handling charges,Spelling
129,Clawback,Any other recovery/subvention/ adjustments done by the bank will be also be adjusted/recovered from the channel payout,Any other recovery/subvention/ adjustments done by the bank will also be adjusted/recovered from the channel payout,Grammar
130,Clawback,"12 months 100%

Any other recovery/subvention/ adjustments done by the bank will be also be adjusted/recovered from the channel payout","12 months 100%

Any other recovery/subvention/ adjustments done by the bank will also be adjusted/recovered from the channel payout",Grammar
131,Clawback,"12 months 100%

Any other recovery/subvention/ adjustments done by the bank will be also be adjusted/recovered from the channel payout","12 months 100%

Any other recovery/subvention/ adjustments done by the bank will also be adjusted/recovered from the channel payout",Grammar
132,Clawback,"12 months 100%

Any other recovery/subvention/ adjustments done by the bank will be also be adjusted/recovered from the channel payout","12 months 100%

Any other recovery/subvention/ adjustments done by the bank will also be adjusted/recovered from the channel payout",Grammar
133,Payout Timeline,Payment - MIS basis MIS received date 15th - 20th for weekly Spot - OTC/PDD Clearance(Cheque Clearance) with bank MIS/Portal with bank confirmation,Payment - MIS basis MIS received date 15th - 20th for weekly Spot - OTC/PDD Clearance (Cheque Clearance) with bank MIS/Portal with bank confirmation,Whitespace/punctuation cleanup
133,Payout Conditions / Additional Conditions,"Terms & Conditions to Insurance payout:

Payout will be calculated on business done during calendar month.
The final payout will be based on issued business minus free look cancellations if any.
Cancelled business if any which is considered for incentive will be deducted from the next payout cycle.
There is no capping on the amount of payout.
D} In the event of disbursement getting cancelled or the loan getting preclosed in the same month, the DMA will not be paid any sourcing fee in respect of that disbursement. If sourcing fee has already been paid to the DMA for such disbursement, that payment will be reversed and the amount will be deducted from DMA's subsequent bill.

E} In the event home loan getting foreclosed in 12 months from the date of disbursement, the sourcing fee has already been paid to the DMA for such disbursement, that payment will be reversed and the amount will be deducted from DMA's subsequent bill.

F} The DMA fees/commission is subject to change at the discretion of PNBHFL and accordingly schedule of payment shall be amended.

G} The payout shall be made post clearances of Over the Counters (OTCs) and acceptance of disbursement by the customer. Sourcing fee/commission for balance transfer cases will be released post receipt of property documents.

H} On part disbursals the fee/commission will be on actual amount disbursed and not as per the sanctioned Loan amount.

I} On loan amount greater than INR 10 Crs, the sourcing fee/commission will be subject to specific prior approval by PNBHFL and will be on case to case basis.

J} Any concession sought by DMA in processing fees shall be recovered from DMA's fee/commission as agreed at the time of approval of the loan on case to case basis.","Terms & Conditions to Insurance payout:

Payout will be calculated on business done during calendar month.
The final payout will be based on issued business minus free look cancellations if any.
Cancelled business if any which is considered for incentive will be deducted from the next payout cycle.
There is no capping on the amount of payout.
D} In the event of disbursement getting cancelled or the loan getting preclosed in the same month, the DMA will not be paid any sourcing fee in respect of that disbursement. If sourcing fee has already been paid to the DMA for such disbursement, that payment will be reversed and the amount will be deducted from DMA's subsequent bill.

E} In the event home loan getting foreclosed in 12 months from the date of disbursement, the sourcing fee has already been paid to the DMA for such disbursement, that payment will be reversed and the amount will be deducted from DMA's subsequent bill.

F} The DMA fees/commission is subject to change at the discretion of PNBHFL and accordingly schedule of payment shall be amended.

G} The payout shall be made post clearances of Over the Counters (OTCs) and acceptance of disbursement by the customer. Sourcing fee/commission for balance transfer cases will be released post receipt of property documents.

H} On part disbursals the fee/commission will be on actual amount disbursed and not as per the sanctioned Loan amount.

I} On loan amount greater than INR 10 Crs, the sourcing fee/commission will be subject to specific prior approval by PNBHFL and will be on case-by-case basis.

J} Any concession sought by DMA in processing fees shall be recovered from DMA's fee/commission as agreed at the time of approval of the loan on case-by-case basis.",Grammar
133,Clawback,"12 months 100%

Any other recovery/subvention/ adjustments done by the bank will be also be adjusted/recovered from the channel payout","12 months 100%

Any other recovery/subvention/ adjustments done by the bank will also be adjusted/recovered from the channel payout",Grammar
134,Payout Timeline,Payment - MIS basis MIS received date 15th - 20th for weekly Spot - OTC/PDD Clearance(Cheque Clearance) with bank MIS/Portal with bank confirmation,Payment - MIS basis MIS received date 15th - 20th for weekly Spot - OTC/PDD Clearance (Cheque Clearance) with bank MIS/Portal with bank confirmation,Whitespace/punctuation cleanup
134,Payout Conditions / Additional Conditions,"Terms & Conditions to Insurance payout:

Payout will be calculated on business done during calendar month.
The final payout will be based on issued business minus free look cancellations if any.
Cancelled business if any which is considered for incentive will be deducted from the next payout cycle.
There is no capping on the amount of payout.
D} In the event of disbursement getting cancelled or the loan getting preclosed in the same month, the DMA will not be paid any sourcing fee in respect of that disbursement. If sourcing fee has already been paid to the DMA for such disbursement, that payment will be reversed and the amount will be deducted from DMA's subsequent bill.

E} In the event home loan getting foreclosed in 12 months from the date of disbursement, the sourcing fee has already been paid to the DMA for such disbursement, that payment will be reversed and the amount will be deducted from DMA's subsequent bill.

F} The DMA fees/commission is subject to change at the discretion of PNBHFL and accordingly schedule of payment shall be amended.

G} The payout shall be made post clearances of Over the Counters (OTCs) and acceptance of disbursement by the customer. Sourcing fee/commission for balance transfer cases will be released post receipt of property documents.

H} On part disbursals the fee/commission will be on actual amount disbursed and not as per the sanctioned Loan amount.

I} On loan amount greater than INR 10 Crs, the sourcing fee/commission will be subject to specific prior approval by PNBHFL and will be on case to case basis.

J} Any concession sought by DMA in processing fees shall be recovered from DMA's fee/commission as agreed at the time of approval of the loan on case to case basis.","Terms & Conditions to Insurance payout:

Payout will be calculated on business done during calendar month.
The final payout will be based on issued business minus free look cancellations if any.
Cancelled business if any which is considered for incentive will be deducted from the next payout cycle.
There is no capping on the amount of payout.
D} In the event of disbursement getting cancelled or the loan getting preclosed in the same month, the DMA will not be paid any sourcing fee in respect of that disbursement. If sourcing fee has already been paid to the DMA for such disbursement, that payment will be reversed and the amount will be deducted from DMA's subsequent bill.

E} In the event home loan getting foreclosed in 12 months from the date of disbursement, the sourcing fee has already been paid to the DMA for such disbursement, that payment will be reversed and the amount will be deducted from DMA's subsequent bill.

F} The DMA fees/commission is subject to change at the discretion of PNBHFL and accordingly schedule of payment shall be amended.

G} The payout shall be made post clearances of Over the Counters (OTCs) and acceptance of disbursement by the customer. Sourcing fee/commission for balance transfer cases will be released post receipt of property documents.

H} On part disbursals the fee/commission will be on actual amount disbursed and not as per the sanctioned Loan amount.

I} On loan amount greater than INR 10 Crs, the sourcing fee/commission will be subject to specific prior approval by PNBHFL and will be on case-by-case basis.

J} Any concession sought by DMA in processing fees shall be recovered from DMA's fee/commission as agreed at the time of approval of the loan on case-by-case basis.",Grammar
134,Clawback,"12 months 100%

Any other recovery/subvention/ adjustments done by the bank will be also be adjusted/recovered from the channel payout","12 months 100%

Any other recovery/subvention/ adjustments done by the bank will also be adjusted/recovered from the channel payout",Grammar
135,Payout Conditions / Additional Conditions,"Differential payout/Additional Payout are payable on eligibility basis and on quarterly frequency

o   In the event of any shortfall, reversal, refund, adjustment or non-realisation of PF collection or prepayment/foreclosure of loan within 12 months of first disbursement (except prepayment/ foreclosure from the internal accruals/own sources of the Borrower(s) from clearly identified sources), Sammaan Capital shall have the right to adjust, withhold, recover or set off the payout amount from any current or future payouts payable to the DSA

o   Maximum payout per case shall be capped at- (i) LAP - 05 Lakhs & (ii) HL - 03 Lakhs;

o   Payout shall be calculated on the net disbursal amount, excluding the Processing Fees, insurance premiums and any other charges.

o   Sammaan shall have the right, at any time, to withhold, recover, claw back, set off, deduct or adjust any commission paid or payable to the Agency, whether accrued, invoiced, unpaid or previously, in relation to, fraudulent transactions; mis-selling cases; or transactions subsequently found to be in breach of regulations or Sammaan policies

o   Sammaan Capital reserves the right, at its sole discretion, to amend, revise, suspend or withdraw the payout grid, incentive structure and related terms at any time based on business, regulatory, risk, or operational considerations.","Differential payout/Additional Payout are payable on eligibility basis and on quarterly frequency

o   In the event of any shortfall, reversal, refund, adjustment or non-realisation of PF collection or prepayment/foreclosure of loan within 12 months of first disbursement (except prepayment/ foreclosure from the internal accruals/own sources of the Borrower (s) from clearly identified sources), Sammaan Capital shall have the right to adjust, withhold, recover or set off the payout amount from any current or future payouts payable to the DSA

o   Maximum payout per case shall be capped at- (i) LAP - 05 Lakhs & (ii) HL - 03 Lakhs;

o   Payout shall be calculated on the net disbursal amount, excluding the Processing Fees, insurance premiums and any other charges.

o   Sammaan shall have the right, at any time, to withhold, recover, claw back, set off, deduct or adjust any commission paid or payable to the Agency, whether accrued, invoiced, unpaid or previously, in relation to, fraudulent transactions; mis-selling cases; or transactions subsequently found to be in breach of regulations or Sammaan policies

o   Sammaan Capital reserves the right, at its sole discretion, to amend, revise, suspend or withdraw the payout grid, incentive structure and related terms at any time based on business, regulatory, risk, or operational considerations.",Whitespace/punctuation cleanup
135,Clawback,"12 months 100%

Any other recovery/subvention/ adjustments done by the bank will be also be adjusted/recovered from the channel payout","12 months 100%

Any other recovery/subvention/ adjustments done by the bank will also be adjusted/recovered from the channel payout",Grammar
136,Clawback,"12 months 100%

Any other recovery/subvention/ adjustments done by the bank will be also be adjusted/recovered from the channel payout","12 months 100%

Any other recovery/subvention/ adjustments done by the bank will also be adjusted/recovered from the channel payout",Grammar
137,Payout Conditions / Additional Conditions,"Differential payout/Additional Payout are payable on eligibility basis and on quarterly frequency

o   In the event of any shortfall, reversal, refund, adjustment or non-realisation of PF collection or prepayment/foreclosure of loan within 12 months of first disbursement (except prepayment/ foreclosure from the internal accruals/own sources of the Borrower(s) from clearly identified sources), Sammaan Capital shall have the right to adjust, withhold, recover or set off the payout amount from any current or future payouts payable to the DSA

o   Maximum payout per case shall be capped at- (i) LAP - 05 Lakhs & (ii) HL - 03 Lakhs;

o   Payout shall be calculated on the net disbursal amount, excluding the Processing Fees, insurance premiums and any other charges.

o   Sammaan shall have the right, at any time, to withhold, recover, claw back, set off, deduct or adjust any commission paid or payable to the Agency, whether accrued, invoiced, unpaid or previously, in relation to, fraudulent transactions; mis-selling cases; or transactions subsequently found to be in breach of regulations or Sammaan policies

o   Sammaan Capital reserves the right, at its sole discretion, to amend, revise, suspend or withdraw the payout grid, incentive structure and related terms at any time based on business, regulatory, risk, or operational considerations.","Differential payout/Additional Payout are payable on eligibility basis and on quarterly frequency

o   In the event of any shortfall, reversal, refund, adjustment or non-realisation of PF collection or prepayment/foreclosure of loan within 12 months of first disbursement (except prepayment/ foreclosure from the internal accruals/own sources of the Borrower (s) from clearly identified sources), Sammaan Capital shall have the right to adjust, withhold, recover or set off the payout amount from any current or future payouts payable to the DSA

o   Maximum payout per case shall be capped at- (i) LAP - 05 Lakhs & (ii) HL - 03 Lakhs;

o   Payout shall be calculated on the net disbursal amount, excluding the Processing Fees, insurance premiums and any other charges.

o   Sammaan shall have the right, at any time, to withhold, recover, claw back, set off, deduct or adjust any commission paid or payable to the Agency, whether accrued, invoiced, unpaid or previously, in relation to, fraudulent transactions; mis-selling cases; or transactions subsequently found to be in breach of regulations or Sammaan policies

o   Sammaan Capital reserves the right, at its sole discretion, to amend, revise, suspend or withdraw the payout grid, incentive structure and related terms at any time based on business, regulatory, risk, or operational considerations.",Whitespace/punctuation cleanup
137,Clawback,"12 months 100%

Any other recovery/subvention/ adjustments done by the bank will be also be adjusted/recovered from the channel payout","12 months 100%

Any other recovery/subvention/ adjustments done by the bank will also be adjusted/recovered from the channel payout",Grammar
138,Clawback,"12 months 100%

Any other recovery/subvention/ adjustments done by the bank will be also be adjusted/recovered from the channel payout","12 months 100%

Any other recovery/subvention/ adjustments done by the bank will also be adjusted/recovered from the channel payout",Grammar
140,Clawback,Any other recovery/subvention/ adjustments done by the bank will be also be adjusted/recovered from the channel payout,Any other recovery/subvention/ adjustments done by the bank will also be adjusted/recovered from the channel payout,Grammar
141,Clawback,Any other recovery/subvention/ adjustments done by the bank will be also be adjusted/recovered from the channel payout,Any other recovery/subvention/ adjustments done by the bank will also be adjusted/recovered from the channel payout,Grammar
142,Clawback,Any other recovery/subvention/ adjustments done by the bank will be also be adjusted/recovered from the channel payout,Any other recovery/subvention/ adjustments done by the bank will also be adjusted/recovered from the channel payout,Grammar
143,Clawback,"12 months 100%

Any other recovery/subvention/ adjustments done by the bank will be also be adjusted/recovered from the channel payout","12 months 100%

Any other recovery/subvention/ adjustments done by the bank will also be adjusted/recovered from the channel payout",Grammar
144,Clawback,"12 months 100%

Any other recovery/subvention/ adjustments done by the bank will be also be adjusted/recovered from the channel payout","12 months 100%

Any other recovery/subvention/ adjustments done by the bank will also be adjusted/recovered from the channel payout",Grammar
145,Clawback,"12 months 100%

Any other recovery/subvention/ adjustments done by the bank will be also be adjusted/recovered from the channel payout","12 months 100%

Any other recovery/subvention/ adjustments done by the bank will also be adjusted/recovered from the channel payout",Grammar
146,Clawback,"12 months 100%

Any other recovery/subvention/ adjustments done by the bank will be also be adjusted/recovered from the channel payout","12 months 100%

Any other recovery/subvention/ adjustments done by the bank will also be adjusted/recovered from the channel payout",Grammar
147,Clawback,"12 months 100%

Any other recovery/subvention/ adjustments done by the bank will be also be adjusted/recovered from the channel payout","12 months 100%

Any other recovery/subvention/ adjustments done by the bank will also be adjusted/recovered from the channel payout",Grammar
148,Clawback,"12 months 100%

Any other recovery/subvention/ adjustments done by the bank will be also be adjusted/recovered from the channel payout","12 months 100%

Any other recovery/subvention/ adjustments done by the bank will also be adjusted/recovered from the channel payout",Grammar
149,Clawback,"12 months 100%

Any other recovery/subvention/ adjustments done by the bank will be also be adjusted/recovered from the channel payout","12 months 100%

Any other recovery/subvention/ adjustments done by the bank will also be adjusted/recovered from the channel payout",Grammar
150,Clawback,Any other recovery/subvention/ adjustments done by the bank will be also be adjusted/recovered from the channel payout,Any other recovery/subvention/ adjustments done by the bank will also be adjusted/recovered from the channel payout,Grammar
152,Clawback,Any other recovery/subvention/ adjustments done by the bank will be also be adjusted/recovered from the channel payout,Any other recovery/subvention/ adjustments done by the bank will also be adjusted/recovered from the channel payout,Grammar
153,Clawback,"12 months 100%

Any other recovery/subvention/ adjustments done by the bank will be also be adjusted/recovered from the channel payout","12 months 100%

Any other recovery/subvention/ adjustments done by the bank will also be adjusted/recovered from the channel payout",Grammar
154,Clawback,"12 months 100%

Any other recovery/subvention/ adjustments done by the bank will be also be adjusted/recovered from the channel payout","12 months 100%

Any other recovery/subvention/ adjustments done by the bank will also be adjusted/recovered from the channel payout",Grammar
155,Clawback,"12 months 100%

Any other recovery/subvention/ adjustments done by the bank will be also be adjusted/recovered from the channel payout","12 months 100%

Any other recovery/subvention/ adjustments done by the bank will also be adjusted/recovered from the channel payout",Grammar
156,Clawback,"12 months 100%

Any other recovery/subvention/ adjustments done by the bank will be also be adjusted/recovered from the channel payout","12 months 100%

Any other recovery/subvention/ adjustments done by the bank will also be adjusted/recovered from the channel payout",Grammar
157,Clawback,Any other recovery/subvention/ adjustments done by the bank will be also be adjusted/recovered from the channel payout,Any other recovery/subvention/ adjustments done by the bank will also be adjusted/recovered from the channel payout,Grammar
158,Clawback,Any other recovery/subvention/ adjustments done by the bank will be also be adjusted/recovered from the channel payout,Any other recovery/subvention/ adjustments done by the bank will also be adjusted/recovered from the channel payout,Grammar
